,0.02,0.04,0.06,0.08,0.1,0.12,0.14,0.16,0.18,0.2,0.22,0.24,0.26,0.28,0.3,0.32,0.34,0.36,0.38,0.4,0.42,0.44,0.46,0.48,0.5,0.52,0.54,0.56,0.58,0.6,0.62,0.64,0.66,0.68,0.7,0.72,0.74,0.76,0.78,0.8,0.82,0.84,0.86,0.88,0.9,0.92,0.94,0.96,0.98,1.0
0.005,187.462059414,185.85188806199997,186.63827992199995,188.19002462399996,184.01789806199997,186.291816498,184.87749087,184.483273194,184.01062244399998,183.56656973399996,183.27563450999997,184.691921592,183.83752429799998,183.20164911599994,182.769225462,183.55788455399997,183.62208572999995,182.974306224,183.33875088599999,182.64226385999996,183.48697388999997,182.465984538,182.10752119199998,182.17042060799997,182.47039086,182.11823969399995,183.14893054799995,182.88965046599998,183.91312062,183.38798792399996,182.17021788599996,183.15036451799995,182.58295648799998,182.83353986400002,183.58442418599995,182.93115084599998,182.75564783399994,182.04714258,182.776298358,182.12651942999997,183.04933234799998,183.08702914799997,182.85601624199998,183.32955449399998,181.556072604,183.04345340999996,182.09029185599996,183.21209099399996,183.166560582,182.261510586
0.01,184.68274214999997,183.47422952399995,183.02806280999997,183.707294058,182.91978417599995,182.40809554199998,183.21065702399994,182.166966876,183.20839182599997,183.33999027,182.26051595999996,182.28948079799997,182.45385782999995,182.03741870399998,181.74273956399998,182.51918245199994,183.70803918,182.71536446399998,181.79209253999997,182.77060247999998,182.80138435799995,181.69838683799998,182.77136861999995,182.984476224,182.87305302599995,183.32930973599997,183.82274864399997,182.890651194,183.38616003599998,183.51253381200002,182.91624026999995,182.88212263199995,183.03295322399998,182.01031158599994,182.27485701599994,182.726682996,182.06494957200002,182.213136642,183.101425122,182.12425694399997,183.18596968799997,182.32223023199995,183.10863971999996,182.43376868999997,182.31625705199997,182.374499286,181.48604062799998,182.144352186,182.77180592999997,182.74491712799997
0.015,182.75520848999997,183.27947334599997,183.23782244999998,182.64621524400002,183.16794709199996,182.48115410999998,182.52039810599996,183.192850032,181.90950383399996,182.63900674799996,182.30563279199995,181.50022506599996,183.48675896399996,183.11814256799997,182.54876087999997,183.33488086199998,182.54997043199998,183.74933073600002,183.02124009599996,183.18696499199996,183.006497664,181.90928890799998,182.18706211799997,182.24612269799997,183.54792405599994,182.813751756,182.57127522599995,182.93639381999998,182.677961916,182.99002497599994,182.692316532,182.316363498,182.230949736,181.95220766399996,182.05167365399996,183.19283782799994,182.11219057799997,181.80511149599997,182.50259111399998,182.20711939199995,182.851346856,182.546510598,182.680298304,183.49167514199996,181.70079984,181.71378082799998,182.109915888,182.650784286,181.64270201999997,182.40644664599998
0.02,182.15382927,183.017240574,183.56695416,182.73719267399997,182.61397905599995,182.11944924599996,182.66857907399998,182.90384100599996,181.49071611599996,183.22258507799998,182.66737562399993,182.41860521999996,184.269766926,183.61207099199999,183.584321808,182.91878955,183.22227319799995,182.26534806599997,182.93417743799998,182.313950496,182.607961806,182.35885850399995,183.86228146799996,182.78719991999995,181.78501625399997,182.80742737199995,182.61879285599997,183.16642226999997,182.341266438,181.99371414599997,182.97430012200002,182.47526906999997,182.273647464,182.45156957999998,184.17701177999996,182.82267694799998,182.26413851399994,181.84431752399996,181.95930971399997,182.20808215199997,182.89285333799998,183.29486123399994,182.472110268,183.186726336,182.81676614399996,181.58784910799994,182.38864575599996,181.96763962199998,183.27947944799996,181.99958087999997
0.025,182.923496904,182.834611104,182.95259395199994,182.43947066999996,182.54063166,182.09452189799995,183.07423528799995,182.22506469599998,182.39693769599998,183.15014009999996,182.271234462,183.15057944399996,182.53578599399995,182.430485136,182.882182974,182.816804112,182.02103619000002,183.20343022199998,181.99360769999998,182.04714258,183.22015987199995,182.092271616,183.033938358,181.99536304199995,182.68561585799995,182.64126923399996,182.62751803799998,182.43701969999998,183.69997097999996,182.34934345199997,181.83480247199998,183.05052969599998,182.98349719199996,182.63779719599995,182.78011142999995,183.06700848600002,182.31756694799998,182.75966294999995,182.57122640999995,183.089629278,181.98398416799995,182.45444158799998,182.65221215399998,182.19895220399994,181.51924161,181.74817305599998,181.99491759599996,182.78525202599994,182.882128734,181.67347779599996
0.03,182.96173000199997,182.803803462,182.469396234,182.613985158,182.99001887399993,182.188233702,183.07302573599998,182.57503609199998,182.73142831799998,183.54302686199998,182.69002217999997,182.459881182,182.273653566,182.49428561399998,183.19977580199998,182.47059968399998,183.47037644999997,183.82744582799998,182.117004378,182.63192435999997,183.304376286,182.06961285599994,182.127754746,182.28437206799998,182.38258579199996,182.60504165999996,182.02734226799998,183.27947334599997,182.02890437999994,183.34348197,182.42788975199997,182.86838363999996,182.79026786999995,182.38517981999996,183.0588474,182.52626483999995,182.48356101,182.53337909399997,182.49671217599996,182.229734082,181.524087276,182.690900868,182.78111215799996,183.17866559399997,182.753998938,181.624895028,182.45036612999996,182.36494626599998,182.31982333199994,181.67697559799998
0.035,183.71033353199996,183.28414883399998,183.15503390399996,183.54401877599997,182.51196175199996,183.189175272,182.84062835399996,182.88713711999998,182.69243857199996,182.988815424,183.44080412399998,182.15624227199996,182.22974018399998,182.206054254,183.63684172199996,182.48278469999997,183.558642558,182.99954002799998,182.26292286,182.93555716799997,182.52775711799993,182.955488334,182.18038110599994,182.70903872399998,183.018335544,183.15057334199994,183.53626313399997,182.87053357799996,182.69469156599996,183.02708649,182.344535754,182.47747324799994,182.32708199999996,182.35907342999997,182.39032651799997,181.806276978,181.88809259399997,182.78576933999997,182.99126639399998,182.252242326,182.71031607599994,181.631839104,181.92143188799997,182.11353233999998,181.78501015199998,181.860144756,182.36940072599998,182.56068893399998,182.72788644599999,182.726682996
0.04,183.18230170799998,182.34215800799996,182.839071666,182.71575566999996,182.20769704799997,182.59872947999997,182.97584053799994,181.83079481399997,182.40766229999997,182.068415508,182.35907342999997,182.87876449799998,182.67810022799998,182.65319118599996,182.245159938,182.11112544,182.06010390599997,181.58218509599996,182.07891908399998,182.70888210599995,182.63780329799997,182.28437206799998,182.98880932199998,182.85024578399995,182.53698673199997,183.20477198399996,182.32202140799996,182.11820172599997,182.90460511199998,182.81319986399998,183.29751085799995,183.00524200799995,181.75889765999997,182.12893243199997,182.42651002199997,182.17509609599998,182.765156784,182.58295038599996,182.979476652,182.407891464,182.91390523799998,181.21318969799995,182.88454173599996,182.65560418799996,181.95566749799997,182.68521448199996,182.710964244,182.24287168799995,182.33742149999998,182.92263652199995
0.045,184.08921688199996,182.81089941,183.03372953399997,183.43151348999996,182.50003979999997,183.46009118999996,183.558000492,182.35688484599996,182.60339886599996,182.94143000399995,182.66837635199997,183.05563842599997,181.935610224,183.00338699999998,183.37402315799997,183.24025511399995,182.85865976399998,182.73273211199995,183.45965184599999,182.59432315799998,181.81141757399996,182.20846725599998,182.24961439799998,182.778901878,182.67919723199998,182.78599036799994,181.99491759599996,183.52621788599993,182.20241813999996,182.117469486,182.05889435399996,182.68401103199997,182.428190784,182.576961612,181.583394648,181.55486915400002,182.31981722999998,181.97351245799996,182.51918245199994,182.90909753999998,182.139644832,182.50365625199996,182.62466569199998,182.16696687599998,182.677993782,182.47526907,182.64130110000002,182.11232278799997,182.38984310399997,181.83359291999994
0.05,181.98890034599992,182.71128900599996,181.801607592,183.75131049599997,183.59019464399998,182.36176305599994,183.55219003199997,182.560695036,183.227693808,181.483627626,182.45037223199998,182.68521448199996,182.77059637799996,183.428869968,182.05302151799998,182.60581186799993,182.77181203199996,182.258265678,182.27244401399994,182.87957741999998,182.380340256,182.87184347399997,182.70420661799994,182.71177242,181.24881724199997,182.63659374599996,182.39937036,182.37446131799996,182.50967350199997,183.37561171199997,181.58097554399995,182.415614562,182.21904744599996,182.34637516799998,182.217982308,183.24913013399998,182.02103619,182.08379729399996,181.71031489199999,183.49168124399995,183.20944136999998,182.525500734,182.128920228,181.89148801799993,182.46229418399994,182.338063566,181.84413514199997,182.65297625999995,181.71618772799997,181.320052668
0.055,182.42183453399997,182.79835776599998,182.96875204799994,182.66837635199997,182.48840667599998,183.48800038199997,182.339918574,182.05302151799995,183.40154792399997,182.55709078799998,182.94654483599996,182.64731834999998,182.081547012,182.64246658199994,181.88120275799997,182.44569674399997,182.49186650999997,182.171636262,182.290251006,182.65318508399997,182.706519276,182.94955718999998,182.08379729399996,182.56112827799996,182.22506469599998,182.742076986,183.144215058,182.04714257999996,182.58921442799993,182.28903535199996,182.63057649599995,182.54409149399999,182.55220986599997,182.40524319600001,182.249967636,181.299604188,182.47526907,182.316363498,183.36368365799999,182.56656176999996,182.75745877199995,182.15503882199994,182.994823182,182.37191000399997,182.13843527999998,182.08985861399998,182.06299693199995,181.45284574799996,181.693717452,181.85019035999997
0.06,183.77992006199997,183.43838501999994,182.53557106799997,183.35935055999994,182.26336830599996,182.71881684,181.89290029199995,182.75867442599997,183.47604046199996,182.70661961999994,181.55486305199997,183.42756007199998,182.28783190199997,183.60091314599998,181.99491759599996,182.91631823999995,182.43376258799998,182.229740184,182.862334524,182.341266438,181.11360505799996,182.22732107999997,182.477473248,182.883338286,181.85019035999997,181.72555836599997,182.27003101199998,182.536989444,182.04714258,182.94730894199998,182.34367944,182.037495318,183.22933389,182.03520842399996,181.71782577599998,181.79253188399997,182.22385514399997,182.329332282,182.40645274800002,182.25790633799997,181.6354372499999,182.50137546,181.93094693999998,182.71228363199995,182.33174528399996,181.250020692,182.87261368199998,181.933197222,183.45497635799995,182.02223963999998
0.065,182.28481141199998,183.72177817199997,182.81330630999997,182.03641797599994,182.85750851999998,183.13945956599997,182.518412244,183.077857842,182.38397026799998,182.93539309199997,182.52385793999997,182.585892906,182.90339555999998,182.93075557199998,183.33757116599998,182.50379456399995,182.255840472,182.37100148399995,182.199952932,182.66511923999994,182.35180866,182.47042340399994,182.17404044999995,182.332184628,182.26175737799997,182.26069224,182.29885753799994,182.61026632799997,182.59734364799996,182.661496686,182.79749467199997,182.349343452,182.20362158999995,183.00074347799998,181.641492468,181.28321557199996,182.58800487599999,182.56189238399998,182.52834765599997,182.49286113599996,181.90362489599997,181.81215591599997,181.94513137799996,182.28558161999993,181.68886568399998,181.46357035199995,182.39455656,182.75991584399998,182.41696242599994,181.63120720799998
0.07,182.50147377000002,183.02201640599998,183.341037102,182.34713927399997,182.535785994,182.143110768,183.30182497199996,183.06956590199997,183.35154677999998,182.12651332799996,182.66857907399998,181.79209254,183.95533289999995,182.49898686599997,183.00117671999996,183.11935822199996,182.38504150799997,182.17283971199996,183.19614172199996,183.47037644999997,182.79791231999997,182.13012977999998,182.91307333199998,182.18158455599993,182.38984920599995,183.24281863199997,182.315147844,181.97106148799998,181.640282916,182.11276213199994,181.64857485599998,183.09770018999998,182.33174528399996,182.34671552399996,182.14310466599997,183.40880659199996,182.0056422,182.00684293799998,182.18681532599996,181.93440677399994,182.36473744199998,182.44569674399997,181.80160759199995,182.13847934999998,181.51802595599997,181.99491759600002,181.98302750999994,182.126513328,182.38397636999997,182.15503271999998
0.075,182.04273625799996,181.92653451599995,181.53826561199995,182.272444014,182.680507128,182.29146055799995,182.459881182,182.85601624199992,182.909444676,182.15383537199995,182.51918245199994,181.98869152199998,183.34708621799996,182.14085438399997,183.27239095799996,182.38964038199995,183.76068113399998,183.38759400599997,181.69959028799997,181.82408397,182.96875814999999,182.12546649599997,182.18114521199996,182.00201964599998,181.96880510399996,182.15264412599998,182.331745284,182.15503882199994,182.84452143,182.4183747,183.29140139999998,181.77307599599996,183.40518403799996,182.91515004599998,181.89410984399998,182.700451854,182.24556131399996,182.29495225799994,181.97832015599997,182.007898584,182.07913401,182.004432648,181.92609517199998,182.30442934199996,182.29145445599997,182.45156957999998,181.66885654799998,181.77428554799997,182.79204558599997,182.05768480199995
0.08,182.373257868,181.687662234,182.72563616399998,182.983937214,182.53577989199997,181.42673935799996,182.97584053799997,182.58239510399994,182.664910416,182.63057649599995,182.519182452,181.85970541199995,182.54997653399997,181.795558476,182.95924309799997,182.58079027800002,182.309714352,182.45867163,182.257489368,181.24029681599998,181.888237008,181.62246236399994,181.940317578,181.99492369799998,182.26030713599997,181.42673325599998,181.93561632599997,182.78011143,181.95220766399999,182.04679544399997,182.567771322,182.13943600799996,182.93191495199997,183.09082662599994,182.25805075199997,182.497013208,182.71479290999997,182.02790365199996,182.259306408,182.27714526599996,182.22952525799997,181.71618772799997,181.70079983999997,182.03988391199996,182.80033142399995,181.27734273599998,182.73860494799996,181.309328064,182.00443264799998,181.36863543599998
0.085,182.26215875399998,183.76373009999995,182.09922925199996,181.76235749399996,182.34999161999997,182.77059637799996,182.95902817199996,182.25584657399997,184.33366706999996,182.78840947199998,182.75279548799998,181.92143188799997,182.24874452399996,182.63779719599995,182.05345475999994,182.09814445199999,183.18135521999997,183.29330454599997,182.80907626799998,182.362539366,182.35786387799996,181.85504212799998,181.97447521799998,181.62610458,181.90829428199999,182.18822759999995,183.22258507799998,181.8667878,181.807480428,181.69007523599998,183.33515816399995,182.36253326399998,182.00443264799998,181.46357035199998,182.78010532799996,182.332954836,181.81699547999997,181.79559034199997,182.41129231199997,182.36373671399997,182.29388711999997,181.90949773199998,181.83338409599997,182.44894775399996,181.72916871599998,181.81820503199998,182.309714352,181.64615575199997,181.14921293999998,180.98667871199999
0.09,182.61169080599996,181.83359291999997,183.221381628,182.84872503,183.15134354999998,182.155038822,182.50825512599997,182.66901841799998,182.931921054,182.43376258799995,182.61277560599999,182.73861105,182.62711666199996,183.05417191199996,182.08033745999998,182.54574039,181.953417216,182.47754376,182.72690741399998,182.15970820799998,181.350828444,182.19895830599995,181.443336798,182.05989508199997,181.85019035999994,181.20610120799995,182.603398866,182.11112543999997,182.85842924399995,183.01734091799997,182.92929312599998,181.64737140600002,182.137093518,181.760107212,181.38523287599995,181.86679390199998,182.01861708599998,182.18922832799996,182.17163015999998,181.82408396999995,182.24858790599995,181.86799735199995,182.27714526599996,181.99371414599997,181.417050738,181.73041013399998,182.14430811599996,181.11601806,181.656880356,180.73162867199997
0.095,182.72672096399998,182.88803953799993,182.87261368199998,183.51168020999998,182.97688736999996,181.58805793199997,182.68638606599998,182.272444014,182.19307936799996,182.63703309000002,181.837058856,182.03642407799998,182.59980072,182.47059968399998,181.99535694,182.05768480199995,183.12886717199996,182.92612822199996,182.06601471,181.97832625799998,182.84529773999995,182.59617206399997,181.67814718199995,182.39619935399995,182.23924303199993,182.67809412599996,181.480167792,181.86558434999995,181.74230022,181.82772008399996,182.28316251599998,181.94512527599997,182.551179984,182.40056770799995,182.34367944,181.44433142399998,181.40426298,182.50846394999996,181.80044210999998,182.426541888,181.31763356399998,180.971290824,181.46944318799996,180.831232974,181.47532212599995,181.598782536,182.041093464,182.34713927399997,181.175325432,181.44333069599998
0.1,181.41601475399995,182.39028854999998,182.67328642799995,182.08033746,182.78238611999998,182.12892022799994,182.855807418,182.50379456399995,181.90241534399996,181.53826561199995,182.51880344999998,181.69474462199997,183.28067679599997,181.90807935599997,182.28195906599998,182.38743620399998,182.986350216,181.907090832,182.609277804,182.23094363399997,181.746969606,182.30486868600002,182.15503882199994,182.69469156599996,182.39226220799995,181.83480247199998,181.276133184,182.35305617999995,182.45987508,181.687662234,182.52160155599995,181.72206056399997,181.65688035599996,182.33745336599998,181.303455228,182.04229081199995,181.67347779599996,181.55365960199998,182.42404481399998,181.501434618,181.47652557599994,182.02798772399998,181.70910533999998,181.89410984399993,180.698433792,181.51094356800002,181.13848833599997,182.54815339199996,181.25953574399995,181.13727878399996
0.105,182.810147508,182.81776687199996,182.51797289999996,181.688871786,182.256279816,183.218178756,183.34150831199997,183.19634783399997,182.30446731,181.90829428199996,182.196539202,181.70546922599996,182.16455387399998,182.51918855399995,181.46988253199999,182.16575732399997,181.74817305599998,183.40759703999996,182.40403364399998,182.05281269399995,182.99060195399997,182.72789254799997,182.01031158600003,182.32202140799996,182.461084632,181.436248308,182.50259111399996,181.89290029199998,181.63076786399995,182.12183783999998,181.94754438,182.03642407799998,181.96643007,181.52875055999996,181.18119826799995,182.01030548399996,180.75774116399995,181.807919772,181.55365960199998,181.88688304199997,180.98547526199997,181.51924161,181.74696350399998,181.61883981,182.07432020999997,180.93566328,181.44778515599995,181.49434612799996,180.96056621999998,181.06258352399996
0.11,182.651981634,182.40036498599994,182.60702141999994,182.40995054999996,183.01733481599996,181.250020692,183.253360854,182.96248800599994,183.02183334599994,182.63417464199995,181.66396274399995,181.780164486,181.806716322,183.19404737999997,182.47647251999996,182.71370200799996,182.19066026399997,182.28558162,182.08033745999998,181.352037996,181.293940176,181.818205032,182.28662235,182.619996306,182.49165158399998,181.90121189399997,181.56195154199997,182.48114190599998,182.651975532,181.743509772,182.053015416,181.807480428,182.07912790799998,181.205962896,181.96880510399998,181.71618772799997,181.65688035599996,181.898564304,181.93910802599999,181.52875055999996,181.87630285199998,181.28079646799998,180.86442175199994,181.57025093999997,181.39820776199997,181.61340021599997,181.70546312399998,181.14921293999996,180.87514635599996,181.10408390399996
0.115,182.331745284,182.03741870399998,183.050766318,182.57607682199995,182.46458243399996,182.22972797999995,182.30542396799996,182.09572534799997,182.50379456399995,183.21458196599997,181.54535410199998,181.47065273999996,181.82757566999996,181.60465537199997,181.629564414,181.24760768999997,182.45867162999994,182.138874624,182.06494957199996,181.42794280799998,182.106449952,182.15969600399995,181.158727992,182.20811401799997,181.471862292,182.69569229399997,181.66158771,181.42673325599998,181.74817305599998,182.16921715799998,181.378150488,180.87514635599996,181.37330482199997,181.18751044799995,181.69007523599998,181.26782768399994,182.08500074399998,181.15617057599997,182.068264992,181.42192555799997,181.292730624,181.89290029199998,181.50021896399994,181.01866403999998,181.189503768,181.19071332,181.10529345599997,182.31394439399995,181.029388644,181.33544055599995
0.12,182.395904424,182.11232278799994,181.97244732,182.29003608,181.817001582,181.61417652599997,182.55117388199997,183.03743615999997,181.656880356,182.35665432599995,182.20847335799996,181.31520089999998,182.59508726399997,182.20932357,182.74856544599996,181.92022233599997,182.45036002799995,181.84898690999995,181.76947784999996,181.95687704999997,181.88338523999994,182.00564219999995,182.02428109799996,182.06720595599995,182.42668019999996,181.16439200399998,182.0056422,182.21192708999996,181.77670465199998,182.35159983599996,182.449194546,182.24045258399994,181.79676192599996,182.12183783999998,181.24881113999996,181.23929608799997,181.19071331999996,180.847830414,181.08990556799995,181.534629498,181.56904748999997,181.54413844799993,180.90246839999998,181.03526147999997,181.01866403999998,181.31749525200001,180.70430662799993,181.146793836,181.06845635999997,180.95084234400002
0.125,181.75889765999997,182.313806082,182.54771404799993,182.29855040399997,182.85721969199997,182.03054514,182.241662136,181.80160759199995,182.01618442199998,182.620429548,182.06719985399997,181.39595748,181.66254436799997,181.833599022,181.968811206,181.47652557599994,182.61048125399998,181.64013850199999,181.80627087599999,182.66391579,180.970081272,182.24166213599997,181.30812461399998,182.20060109999994,182.35482643799998,181.40892626399997,182.06961285599994,181.42794280799993,182.197742652,181.795590342,181.49541736799998,181.276133184,181.45405529999996,182.076576594,180.99740331599997,181.640282916,180.739934172,181.538265612,181.20610120799995,181.36700823599998,181.250020692,182.42184063599998,181.06138007399997,181.15751844,181.48123292999998,180.579819048,180.96056621999998,180.62252898,180.59641648799996,180.70409780399999
0.13,182.12304739199996,181.67347779599996,181.539475164,181.867398678,181.81820503199998,182.225064696,182.12305349399998,182.08379729399996,182.150193156,181.71497817600002,181.59295173599995,182.331751386,182.781760326,181.93681977599996,182.13483713399998,181.83217454399994,181.28321557199993,181.46357035199998,182.52855919199996,182.07549179400002,181.57146049199997,182.08379729399996,182.81209675799997,181.73603007599996,181.46944928999997,181.51094356799996,182.22852453,181.088696016,181.70590246799998,181.26181043399995,181.309328064,181.77428554799997,181.60444654799994,181.26540858,181.52754100799993,180.77433860399998,180.98667871199999,181.24881113999996,181.24881113999996,181.158727992,181.01966476799996,181.258225848,181.06137397199996,180.826563588,180.65572386,180.59520693599995,180.793224294,180.76361399999993,181.07196026399998,180.39238188
0.135,181.170479766,181.58806403399996,181.87751850599997,181.59878253599996,181.57025704199998,182.561898486,181.26540857999996,181.95567359999998,182.05181196599997,181.62368547599996,181.71017047799995,183.26105411999998,182.18235476399997,181.97227103999998,181.47065273999996,181.90829428199999,181.83359292,181.83926303399997,181.33544055599998,181.25953574399998,181.95584987999996,181.96759555199998,181.60344582,182.31253211999996,181.48725017999996,181.38164829000002,181.20852031199996,181.32350639999996,181.17411587999996,180.569094444,182.230943634,181.38848388599996,180.826563588,181.276133184,180.954693384,181.29394017599995,180.92737133999998,181.12068134399996,180.93424490399994,180.89054034599997,181.26540858,181.582185096,180.34967194799995,180.96177577199995,180.681836352,181.08385035,181.10408390399994,180.42557676,180.349671948,181.233423252
0.14,181.99007803199999,182.77300937999996,181.99958698199995,181.94027961,181.78016448599996,181.51682860799997,181.97590715399994,182.18356431599997,182.106449952,182.08033745999992,181.37450827199996,182.46455056799996,181.90828817999997,182.00443264799998,180.98667871199999,181.64615575199994,181.757688108,181.86557824799993,181.688871786,181.1536674,181.50142851599998,181.52875055999996,181.148003388,181.14213055199997,181.84310797199996,181.26540857999996,181.48604062799998,180.80045109599996,181.57712450399998,181.19071332,181.77896103599997,181.650863106,181.22269864799998,180.84665882999997,180.46828669199996,181.44212114399997,181.32592550399997,181.25589352799994,181.146793836,180.68649963599998,181.57267004399998,181.028179092,181.148003388,180.87394290599997,180.81704853600002,180.67578113399998,180.93795153,180.95105116799996,180.579819048,180.43509181199997
0.145,181.59999208799996,181.78016448599996,181.597572984,182.58679532399998,182.35785777599995,181.75751793,181.99491759599994,181.83359291999997,182.03520842399996,181.52875055999996,182.079127908,181.92022233599997,181.427942808,181.12189089599997,181.105293456,181.60323699599996,181.84067530799996,181.32471595199996,181.68766223399996,181.77764503799997,181.83359291999994,180.71503123199997,181.66639540799994,180.84903386399995,180.89295334799996,181.07797751399997,181.58684837999994,181.23929608799997,181.34131339199993,181.20022837199997,181.06258352399996,181.03647103199998,181.80146317799998,181.36743198599993,181.25568470399995,181.08869601599997,180.847830414,180.77312905199994,180.58569188399997,180.67475396399996,180.85267607999998,180.57030399599998,180.84064157999998,180.767256216,180.16223478,180.755328162,180.47780174399995,180.34967194799995,181.13607533399997,180.65451430799996
0.15,180.84316102799997,181.99371414599995,182.243942928,182.10018591,182.42231184599993,181.361553048,181.15751844,182.064179364,181.089905568,181.28080257,181.34252294399994,181.13727878399993,181.094574954,181.682992848,181.285648236,181.20610120799995,180.858548916,181.83345460799995,181.248602316,181.469443188,181.4751072,180.77192560199998,181.34131339199996,181.50628028399998,180.94984771799997,181.416014754,181.43503875599995,180.88466140799994,180.68770918799993,182.12048387399997,181.45871858399997,180.707948844,180.72454628399996,180.70310317799994,181.22269864799998,180.86421292799997,180.62819299199998,180.71852903400003,180.55249700399997,180.77433860399998,180.58569188399997,180.34967194799995,180.40897932,180.70901398199996,180.494399184,181.09456885199995,180.43509181199997,180.64864147199998,180.68770918799999,180.627198366
0.155,180.99255154799997,181.274923632,181.62125281199994,181.24881114,181.64494619999996,181.152672774,181.73036606399998,181.10529345599997,181.50142851599995,181.84552707599997,181.23809263799998,181.356707382,180.75653161199997,181.48473073199995,181.03647103199998,181.66154974199998,181.11116629199995,180.99497065199995,181.217265156,182.00793044999998,181.46802481199995,181.08282318,181.35549782999996,180.92493867599995,181.08990556799995,180.94517833199998,181.44212114399997,181.43472958799998,181.03996883399995,180.826563588,181.14786507599993,180.826563588,181.03647103199998,181.32471595199996,180.32355945599994,180.654514308,181.13848833599994,180.39238187999996,180.81462943199998,180.60228932399997,180.73041911999997,181.11947179199996,180.88587096,180.51099662399997,180.494399184,180.290364576,180.82621034999997,180.30696201599997,180.739934172,180.62252898
0.16,182.30563279199998,181.89636012599996,180.88466140799994,181.41134536799996,182.14310466599997,181.615379976,181.91901278399996,181.05069343799997,181.20022837199997,181.61883981,181.39820776199997,181.22822434799997,181.50022506599996,180.71503123199997,181.105293456,180.97716365999997,181.09821106799998,181.46944318799996,180.67232129999996,181.538265612,180.843161028,180.58569188399997,181.26540857999996,181.55365349999997,180.91785628799997,180.94396878,181.00915508999995,180.74114372399998,180.50497937399996,180.63912641999997,180.67111174799996,180.247654644,180.83364597599993,180.25473703199998,180.596416488,181.17857033999996,180.71426102399997,180.75653161199997,181.045986084,180.681836352,180.526384512,180.99255154799997,180.47780174399998,180.681836352,181.14073861799997,180.34015689599994,180.53817425399995,180.63428075399995,180.34015689599997,180.77312905199997
0.165,181.56194543999993,181.45249250999998,181.74740284799998,181.28200601999998,180.77312905199997,181.67226824399992,181.58784910799997,181.38281377199996,181.966392102,181.468233636,181.57004211599997,181.045986084,181.399411212,180.826563588,180.71503123199997,180.78972649199997,181.24881113999996,181.731575616,180.98667871199999,181.104083904,181.062583524,181.06725290999995,180.87493753199996,180.87514635599996,181.20731075999996,181.13140594799995,180.64499925599998,180.41955951,181.402915116,180.93207869399998,181.12656028199999,180.92493867599995,180.79924154399995,180.366269388,180.32355945599997,180.569094444,180.831232974,180.69722424,180.90125884799997,180.53710911599998,180.38286682799998,180.47780174399995,180.579819048,180.47780174399998,180.26425208399996,180.72454628399996,180.73041911999997,180.46707713999996,180.66523891199998,180.61301392799996
0.17,181.26074529599998,181.05185891999997,180.94396878,181.49070391199996,181.42673935799996,182.28105054600002,181.266618132,181.26424309799998,180.68891873999993,181.75854442199997,181.78586646599996,181.46944318799996,181.07209857599995,181.64494619999996,180.66523891199998,181.545787344,181.233423252,180.65572385999997,181.12645383599997,181.297191186,180.48488413199996,180.67111174799996,180.51099662399997,180.40897931999996,180.92135409,180.66523891199998,180.569094444,180.46828669199996,180.22154215199996,180.74114372399998,180.366269388,180.65572386,180.451689252,180.29623741199998,180.349671948,180.48367457999993,180.46707713999996,180.78972649199997,180.20494471199996,180.63912641999997,180.37578444,180.49906856999993,180.579819048,180.58448843399998,180.563221608,180.26425208399996,180.58569188399997,180.05070242399995,180.26425208399996,180.44096464799995
0.175,180.698433792,180.63912641999997,181.095778404,180.78264410399998,181.31763356399998,181.21198014599997,180.494399184,181.35061962,180.78264410399996,181.019873592,181.16460082799998,180.92737133999998,181.25953574399995,180.767256216,180.88445258399994,181.2322137,180.83607863999998,180.80045109599996,181.0020666,181.20610120799995,181.26540857999996,180.64499925599995,180.39238187999996,180.64864147199998,180.744603558,180.579819048,180.83243642399998,180.596416488,180.54298195199996,180.739934172,180.451689252,180.757741164,180.40897932,180.68770918799993,180.43509181199997,180.54277312799996,180.60108587399998,180.77312905199997,180.53710911599998,180.366269388,180.70288825199998,181.210770594,180.39238188,180.16223478,180.52051167599998,180.28084952399996,180.34967194799995,179.99139505199997,180.40897932,180.366269388
0.18,181.07841075599993,181.250020692,180.970520616,181.28179719599996,181.0623747,181.007983506,181.44091769399998,181.03916675999997,180.69602078999998,181.26039205799995,180.89053424399992,180.75774116399995,180.50006319599999,180.46828669199996,180.97716365999997,180.247654644,181.20005209199996,181.21198014600003,181.14194816999995,180.50027201999998,181.24863485999998,180.247654644,180.58569188399997,180.39238188,180.435091812,180.932826528,180.67090292399996,180.34015689599997,180.38165727599997,180.35554478399993,180.84882503999998,180.46120430399998,180.20494471199996,180.13612228799997,180.20494471199999,180.31754220599998,180.31754220599996,180.53710911599998,180.569094444,180.52051167599998,180.21202709999997,180.32355945599997,180.076814916,180.264252084,180.63310916999995,180.15271972799997,180.15271972799997,180.32922346799995,180.34365469799997,180.46828669199996
0.185,180.975954108,180.847830414,180.91906583999997,181.04598608399996,180.73162867199997,181.18469607,180.68770918799993,181.22148909599997,181.08855770399998,180.34015689599994,181.08869601599997,180.54277312799996,181.29619045799998,180.23813959199998,181.104083904,181.168060662,180.50027201999998,180.418494372,180.48488413199993,181.16460082799998,180.78264410399998,180.51686945999995,180.39238188,180.841951476,180.60593153999997,180.30696201599997,181.01987359199995,180.119524848,180.40296207,180.07681491599996,180.53710911599998,180.69722423999997,180.74624635199996,180.61180437599995,180.03410498399998,180.290364576,180.37578444,180.119524848,180.50978707199997,180.526384512,180.825354036,180.35675433599994,180.290364576,180.25823483399995,180.13612228799994,180.59520693599995,180.247654644,180.20494471199999,180.39825471599994,180.26425208399996
0.19,180.57030399599998,181.42067803799998,180.67232129999996,180.75653161199997,181.029388644,180.93325027799997,180.93809594399997,180.63912642,181.16339127599997,180.841951476,180.84195147599996,180.698433792,180.56909444399992,181.17998871599997,180.79924154399998,180.756531612,180.579819048,180.46828669199996,180.89417645999998,180.28084952400002,180.30696201599997,180.39238187999996,180.34015689599997,180.451689252,180.13612228799997,180.750658776,180.38286682799998,181.09315047599998,180.290364576,180.62840181599998,180.95575852199997,180.40897932,180.87514635599996,180.39238187999996,180.74114372399998,180.32355945599994,180.306962016,180.22154215199996,180.34967194799995,180.03410498399998,180.49439918399995,180.290364576,180.31283485199995,180.13612228799997,180.44217419999993,180.33307450799998,180.03410498399998,180.17883221999998,180.169317168,180.16223478
0.195,180.74114372399998,180.85267607999998,181.360243152,181.37800607399996,180.859758468,181.00327615199996,180.65451430799996,181.00793943599993,180.119524848,180.52051167599998,180.55370655599995,180.86912910599997,180.366269388,181.04477653199996,180.60108587399998,180.72454628399998,180.22154215199996,180.05070242399998,180.52051167599998,180.468286692,180.53710911599998,180.553706556,180.418494372,180.44567200199998,180.17883221999998,180.48488413199996,180.494399184,180.03410498399998,180.16223478,180.11000979599993,180.435091812,180.39238188,180.33307450799998,180.40897931999996,180.49439918399995,180.306962016,180.264252084,180.637916868,180.46828669199996,180.843161028,180.323559456,180.26425208399996,180.64379580599999,179.96528255999993,180.42436720799998,180.22154215199996,180.290364576,179.94868511999994,180.306962016,180.16223478
0.2,181.350828444,180.46707713999996,181.28179719599996,181.01866404,180.60593153999997,180.72921566999997,180.78264410399998,181.39233492599996,180.56909444399997,180.75653161199997,180.323559456,180.366269388,180.79924154399995,180.79924154399995,180.59641648799996,180.13612228799997,180.841951476,180.69722423999997,180.29744696399996,180.29744696399993,180.30094476599996,180.16223478,181.03996883399998,180.435091812,180.290364576,180.52638451199996,180.65451430799996,180.360252138,180.46828669199996,179.86326525599995,180.39238187999996,180.38165727599997,180.27483227399998,180.61224371999998,180.39825471599994,180.590399238,180.119524848,180.68891873999996,180.42557675999996,180.11952484799997,180.26425208399996,180.28084952399996,180.418494372,180.42557676,180.563077194,180.08739510599997,180.38165727599997,180.05070242399998,180.17883221999998,180.11952484799994
0.205,180.50027201999998,180.82054633799999,180.91664673599996,180.30696201599997,180.65451430799996,180.70780442999995,180.494399184,180.59520693599995,180.86442175199997,180.13612228799997,181.03526147999997,180.72921566999997,180.66159669599995,180.44096464799998,180.232122342,180.39825471599997,180.34967194799995,180.29744696399996,180.07681491599996,180.451689252,180.06729986399995,180.58569188399994,180.39238188,180.26892146999998,180.55370655599995,180.26425208399996,180.16223478,179.94868511999994,180.34967194799995,180.23813959199998,180.64479043199998,180.22154215199996,180.07681491599996,180.40897932,180.349671948,180.13612228799997,180.20494471199999,180.48367457999996,180.32355945599997,180.00799249199997,179.99139505199997,180.290364576,179.92257262799998,180.36492152399995,180.494399184,179.94868511999994,180.17883221999998,180.37684957799996,179.99139505199997,180.24280897799997
0.21,180.596416488,180.38165727599997,180.66726070799996,181.12068134399996,180.78852304199995,180.57030399599998,180.55370655599995,180.84782431199997,180.290364576,180.95454896999996,180.70193159399997,180.03410498399992,180.72454628399996,180.55370655599995,180.39694482,180.53710911599998,180.418494372,180.72920956799996,180.53710911599998,180.94262091599998,180.56909444399997,180.26425208399996,180.40897931999996,180.42557675999996,180.34015689599997,180.076814916,180.15271972799994,180.63307120199997,180.38165727599997,180.30696201599997,179.82055532399994,180.61651172999998,180.37578444,180.40897932,180.00799249199997,180.34015689599997,180.596416488,180.67111174799996,180.16223478,180.16223478,180.25352747999997,180.19542965999995,180.323559456,180.26425208399996,180.13612228799997,180.349671948,180.07681491599996,180.15271972799994,180.238139592,180.531091866
0.215,180.34967194799995,180.698433792,180.783853656,180.62252898,180.26425208399996,180.52638451199996,180.39238187999996,180.41485215599994,180.22154215199996,181.146793836,180.69722424,180.34967194799995,180.290364576,180.349671948,180.387536214,180.47780174399998,180.50978707199997,180.39238188,180.34015689599997,180.47780174399995,180.37578444,179.94868511999996,180.30696201599997,180.55249700399997,180.52051167599998,180.22154215199996,180.17883221999998,180.40897932,180.24765464399997,179.94868511999996,180.40897931999996,180.11000979599999,180.39238187999996,180.38165727599997,180.20494471199999,180.20494471199999,180.366269388,179.99139505199994,180.29623741199998,179.90597518799993,180.451689252,180.19542965999997,180.46828669199996,180.23813959199992,180.264252084,180.418494372,180.23813959199998,180.40296206999994,180.36626938799998,180.247654644
0.22,180.32943229199995,180.451689252,180.451689252,180.52051167599998,180.66990829799997,180.32355945599997,180.32355945599997,180.62840181599998,180.33307450799998,180.35434133399997,180.11952484799997,180.48367457999993,180.67232129999996,180.05070242399998,180.20494471199999,180.41955950999997,180.26425208399996,180.34952753399998,180.87393680399998,180.50391423599999,180.306962016,180.17281496999996,180.59641648799996,180.13612228799997,180.11952484799997,180.34015689599994,180.81563015999996,180.20494471199999,180.494399184,180.48367457999996,180.32355945599994,180.36626938799998,180.36626938799998,180.33894734399996,180.14079167399998,180.07681491599996,180.26425208399996,180.50978707199997,180.47780174399998,180.05070242399998,180.20494471199999,180.264252084,180.07681491599996,180.14670247799992,180.20494471199999,180.05070242399998,180.247654644,180.247654644,180.17883221999998,180.91708607999996
0.225,180.36626938799998,180.67111174799996,180.40897931999996,180.25352747999995,180.42557675999996,180.34967194799995,180.531091866,180.46751648400001,180.46226944199995,180.58569188399997,180.366269388,180.290364576,180.00799249199997,180.290364576,180.07681491599993,180.247654644,180.11952484799997,180.119524848,180.13612228799997,180.33307450799998,179.90597518799993,180.31283485199995,180.07681491599993,180.37578444,180.13612228799997,180.20494471199999,180.221542152,180.09341235599996,180.11000979599993,180.22154215199996,180.47780174399998,180.03410498399992,180.247654644,179.99139505199997,180.28084952399996,179.96528255999993,180.23813959199998,180.15838373999995,180.290364576,180.17883221999998,180.20494471199999,180.36626938799998,180.468286692,180.17883222,180.03410498399998,180.58448843399998,180.314044404,180.349671948,180.44567200199998,180.26425208399996
0.23,180.00799249199997,180.306962016,180.20494471199999,180.26425208399996,180.49439918399995,180.290364576,180.247654644,180.654514308,180.488381934,180.00799249199994,180.13612228799997,180.42557675999996,179.92257262799995,180.13612228799997,180.09341235599996,179.94868511999994,180.26425208399996,180.62840181599998,180.26892146999998,179.99139505199997,180.54177850199994,180.306962016,180.17883221999998,180.39705126599998,180.00799249199997,180.07681491599996,180.32355945599997,180.03410498399998,180.28084952399996,180.45168925199997,180.52638451199996,180.41955951,180.03410498399992,180.09341235599996,180.03410498399998,180.526384512,179.99139505199997,180.25473703199998,180.19542965999995,180.34015689599997,179.94868511999994,180.076814916,180.11000979599993,180.35434133399997,179.94868511999994,180.264252084,180.20494471199999,180.23813959199998,180.00799249199997,180.44217419999993
0.235,180.076814916,180.34015689599997,180.37578444,180.494399184,180.48488413199996,180.435091812,180.435091812,180.30696201599997,180.20494471199999,180.349671948,180.34015689599997,180.20494471199999,180.15271972799997,180.28084952400002,180.64864147199998,180.06729986399995,180.53710911599998,179.99139505199997,180.366269388,180.510996624,180.28084952399996,180.28551890999995,180.55370655599995,179.96528256,180.17883221999998,180.13612228799997,180.17883221999998,179.99139505199994,180.558375942,180.26425208399996,180.07681491599996,180.67111174799996,180.579819048,180.32355945599997,180.16223478,180.349671948,180.26425208399996,180.46344102599997,180.22154215199996,180.531091866,180.38636463,180.34967194799995,180.07681491599996,180.579819048,180.02458993199994,180.05070242399998,180.13612228799997,180.21552490199997,179.94868511999994,179.90597518799993
0.24,180.22154215199996,180.832436424,180.290364576,180.306962016,180.26425208399996,180.08268775199994,180.17883221999998,180.71382167999997,180.19542965999997,180.26425208399996,180.42557675999996,180.16223477999995,180.30696201599997,180.38165727599997,180.19542965999995,180.20494471199999,180.38286682799998,180.494399184,180.03410498399998,180.20494471199999,180.30696201599997,180.26425208399996,180.22154215199996,180.20494471199996,180.23813959199998,180.03410498399998,180.02458993199997,180.494399184,180.00799249199997,180.366269388,180.07681491599996,180.00799249199994,180.290364576,180.34015689599997,180.19542965999995,180.26425208399996,180.03410498399998,180.17883221999998,180.435091812,180.06729986399998,180.13612228799997,180.16223477999995,180.05070242399998,180.03410498399998,180.09341235599996,180.13612228799997,180.16223478,180.221542152,180.08389730399995,180.03410498399992
0.245,180.08739510599997,180.34967194799995,180.306962016,180.22154215199996,180.17883221999998,180.20494471199999,180.16223477999992,180.34967194799995,180.119524848,180.34015689599997,179.94868511999994,180.119524848,180.27133447199995,179.99139505199997,180.15271972799994,180.34967194799995,180.13612228799997,180.247654644,179.99139505199994,180.16223478,180.00799249199997,180.247654644,180.16223478,180.26425208399996,179.94868511999996,180.17883221999998,179.90597518799993,180.20494471199999,180.52624619999995,180.290364576,180.07681491599996,180.33307450799995,180.238139592,180.41529149999994,180.00799249199994,180.32355945599997,180.05070242399998,180.33307450799998,180.17883221999998,180.07681491599996,180.13612228799997,180.221542152,180.42436720799998,180.05070242399998,180.34967194799995,180.22154215199996,180.20494471199999,180.22154215199996,180.25473703199995,180.36626938799998
0.25,180.64262422199997,180.45168925199997,179.99139505199994,180.09341235599996,180.26425208399996,180.306962016,180.290364576,180.264252084,180.34365469799997,180.418494372,180.11952484799997,180.11952484799997,180.33894734399996,180.39238187999996,180.42436720799998,180.15271972799994,180.07681491599996,180.247654644,180.09341235599996,180.33894734399996,180.20494471199999,180.076814916,180.62840181599998,180.43024614599994,180.62252898,180.36626938799998,180.09341235599996,180.09341235599993,180.35554478399993,180.31283485199995,180.56909444399997,179.86326525599995,180.247654644,180.16223478,179.99139505199994,180.349671948,179.90597518799993,180.21081754799997,180.07681491599996,180.226211538,180.51666063599995,180.23212234199997,180.96056621999998,180.26425208399996,180.21202709999997,180.323559456,180.25352747999997,180.09341235599996,180.13010503799995,180.49439918399995
0.255,180.290364576,180.526384512,180.11000979599993,180.435091812,180.22154215199996,180.494399184,180.19542965999995,180.38286682799998,180.00799249199994,180.17883221999998,180.00799249199997,180.32355945599997,180.13612228799997,180.37578444,180.435091812,180.13612228799997,180.22154215199996,180.44567200199998,180.60228932399994,180.366269388,180.06729986399995,180.30696201599997,179.99139505199997,180.38286682799998,180.48367457999996,180.22154215199996,180.13612228799997,180.26425208399996,180.03410498399998,180.42557675999996,180.19542965999995,180.20494471199999,180.328228842,180.579819048,180.32922346799998,180.26425208399996,180.13612228799997,180.07681491599993,180.29744696399996,180.09341235599993,180.247654644,180.34482628199993,179.99139505199994,179.69242552799994,180.02458993199994,180.15271972799994,180.21552490199997,180.07681491599993,180.17883221999998,180.22154215199996
0.26,180.09341235599996,180.17883221999998,180.366269388,180.46226944199995,180.290364576,180.13010503799995,180.22154215199996,180.30696201599997,180.09341235599996,180.19542965999995,180.09341235599993,180.29744696399996,180.26425208399996,180.10399254599997,180.09341235599996,180.37578444,180.39238187999996,180.247654644,180.22154215199996,180.05070242399995,180.00799249199997,180.31754220599996,180.55836983999995,180.15271972799994,179.90597518799999,180.00799249199997,180.17883221999998,180.39946426799995,180.22154215199996,180.20109367199998,180.52638451199996,180.29623741199998,180.119524848,180.16223478,180.119524848,180.09341235599996,179.92257262799995,180.06729986399995,180.119524848,180.13612228799997,180.076814916,179.99139505199994,180.242808978,180.49439918399995,180.20494471199999,180.38636463,180.28084952399996,180.29744696399996,180.67111174799996,180.46226944199995
0.265,180.25473703199998,180.00799249199994,180.31283485199995,180.11000979599993,180.39238188,180.32355945599997,180.37578444,180.119524848,179.94868511999994,180.418494372,180.46120430399998,180.119524848,180.366269388,180.11952484799997,180.451689252,179.94868511999994,180.034104984,180.03410498399998,180.16223478,180.290364576,180.19542965999995,180.306962016,180.306962016,180.52759406399997,180.09341235599996,180.49906857,180.32355945599997,180.13612228799997,180.034104984,180.46707713999996,180.09341235599996,180.17883221999998,180.33307450799998,180.16931716799994,180.05070242399998,179.96528256,180.32355945599997,180.17883221999992,180.11952484799997,180.13612228799997,179.94868511999994,180.02458993199994,179.93917006799995,180.13612228799997,180.42557675999996,180.00799249199994,179.94868511999994,180.27133447199998,180.20494471199999,179.90597518799993
0.27,180.13612228799997,180.306962016,180.26425208399996,180.290364576,180.00799249199997,180.418494372,180.15271972799994,180.32355945599997,180.09341235599996,180.39804589199997,180.17883221999998,180.42557675999996,180.13612228799997,180.07681491599996,180.09341235599996,180.74114372399998,180.03410498399998,180.22154215199996,180.16223477999995,180.22154215199996,180.52638451199994,180.05070242399998,179.98187999999993,180.17883221999998,180.17883221999998,180.17883221999998,180.17883221999998,180.16223477999995,180.09341235599996,180.11000979599993,180.17883221999998,180.11000979599993,180.16223478,180.13612228799997,180.53710911599998,180.00799249199997,180.23813959199998,180.32355945599997,180.13612228799997,180.16223477999995,179.90597518799993,180.09341235599996,180.238139592,180.00799249199997,179.94868511999994,180.15271972799994,180.27133447199995,180.22154215199996,180.11952484799997,180.29744696399996
0.275,180.12539768399998,180.290364576,180.28551890999995,180.34967194799995,180.38286682799998,180.323559456,180.07681491599996,180.29142971399997,180.435091812,180.22154215199996,180.07681491599996,180.12539768399998,180.20494471199999,180.30696201599997,180.03410498399998,180.12660723599998,179.82055532399994,180.13612228799997,180.451689252,179.94868511999996,180.11952484799997,180.17883221999998,180.00799249199997,180.216696486,180.07681491599993,180.28084952399996,179.90597518799993,180.30696201599997,180.34365469799997,180.559579392,180.07681491599996,180.462269442,180.30696201599997,180.05070242399998,180.40897931999996,180.32355945599997,180.13612228799997,180.05070242399998,180.11000979599993,180.17883221999998,180.31754220599996,180.00799249199997,180.418494372,180.40897932,180.451689252,180.23813959199998,179.64971559599996,180.03410498399992,180.323559456,180.28084952399993
0.28,180.09341235599996,180.38286682799998,180.13612228799997,180.05070242399998,180.17883221999998,180.418494372,180.15271972799997,179.90597518799993,180.29744696399996,180.306962016,180.16931716799994,180.076814916,180.17281496999996,179.87986269599995,180.16223477999995,180.09341235599996,180.22154215199996,180.14079167399996,180.232122342,180.34015689599994,180.16223478,180.20494471199996,180.09341235599996,180.28084952399996,180.328228842,180.13612228799997,180.34015689599997,180.03410498399998,180.29623741199993,180.034104984,180.22154215199996,180.494399184,180.16223478,180.26425208399996,180.03410498399992,180.40296207,180.21552490199997,179.94868511999994,180.05070242399998,180.40897932,180.26425208399996,180.05070242399998,180.30311097599994,179.79444283199996,180.18449623199996,179.99139505199997,180.323559456,180.53817425399995,180.314044404,179.86326525599995
0.285,180.53710911599998,180.09341235599996,180.03410498399992,180.23813959199998,180.48488413199993,180.323559456,180.119524848,180.07681491599996,180.22154215199996,180.16223477999995,180.19542965999997,179.83715276399994,180.00799249199994,180.16223477999995,180.40897932,180.09341235599996,180.29142971399997,180.28084952399996,180.58438198799996,179.73513545999995,180.34015689599997,180.39238188,180.034104984,180.03410498399992,180.49404594599997,180.02458993199994,180.16223477999995,179.86326525599995,180.22154215199996,180.349671948,180.30696201599997,179.94868511999994,180.34967194799995,180.13612228799997,180.11952484799997,180.90757102799998,180.28084952400002,180.06729986399998,180.11000979599993,180.09341235599996,179.99139505199997,180.17883221999998,180.09341235599996,180.19542965999997,179.79444283199996,179.99139505199994,179.82055532399994,179.94868511999994,180.23813959199998,180.29744696399993
0.29,180.290364576,180.58448843399998,180.343654698,180.42907456199998,180.03410498399998,179.99139505199994,180.22154215199996,180.38753621399997,180.35434133399997,180.16223478,180.25473703199998,180.280496286,180.38636463,180.38286682799998,180.09341235599996,180.15271972799994,180.22154215199996,179.86326525599995,180.16223478,180.17883221999998,179.99139505199997,179.86326525599995,180.54644788799996,180.13612228799997,180.42557675999996,179.98187999999993,180.22154215199996,179.94868511999994,180.20494471199999,180.247654644,180.24280897799997,180.53710911599998,180.00799249199997,180.29667675599995,180.09341235599993,180.19542965999995,180.119524848,180.00799249199997,180.034104984,180.14079167399996,180.076814916,180.09341235599996,180.23813959199998,180.34471983599994,180.494399184,180.22154215199996,179.96528255999993,180.21202709999997,180.31754220599998,180.232122342
0.295,179.86326525599995,180.349671948,180.45168925199997,179.99139505199994,180.08739510599997,180.40897932,180.034104984,179.99139505199997,180.09341235599996,180.47295607799998,180.38286682799998,180.09341235599996,180.169317168,180.17883221999998,180.26991609599995,180.00799249199994,179.90597518799993,180.28084952399996,179.93917006799995,180.17883221999998,180.26425208399996,180.290364576,180.42557675999996,180.22154215199996,179.90597518799999,180.24765464399997,179.94868511999996,180.05070242399998,180.34015689599997,180.17883221999998,180.55370655599995,179.94868511999994,180.22154215199996,180.12660723599996,180.03410498399998,179.99139505199997,180.03410498399998,180.23813959199998,180.20494471199999,180.22154215199996,180.03410498399992,180.67232129999996,180.20494471199996,180.37578444,180.18941240999996,180.65572386,180.264252084,180.31163140199996,180.39238187999996,180.22154215199996
0.3,180.58569188399997,179.86326525599995,180.19542965999997,180.03410498399992,180.43024614599994,179.86326525599995,180.306962016,180.22154215199996,180.22154215199996,180.323559456,180.44567200199998,180.30696201599997,180.456252192,180.15271972799994,180.07681491599996,180.323559456,180.07681491599996,180.41464333199997,179.99139505199997,180.02458993199994,180.09341235599996,180.16223478,180.34015689599997,179.86326525599995,180.54298195199996,180.247654644,180.16223478,180.44217419999998,180.15271972799994,180.47415952799994,180.38636463,180.13612228799997,180.42557675999996,179.83715276399994,180.03410498399998,179.86326525599995,180.34015689599997,180.23813959199998,180.46828669199996,180.34365469799997,180.05070242399995,180.41955950999997,180.15271972799997,179.99139505199994,180.349671948,180.323559456,180.44567200199995,180.62719836600002,180.05070242399998,180.547689306
